{
	"basePath": "/",
	"consumes": [
		"application/json"
	],
	"definitions": {
		"PermitConditionType": {
			"enum": [
				"NCT01a",
				"NCT01b",
				"NCT02a",
				"NCT02b",
				"NCT04a",
				"NCT04b",
				"NCT05a",
				"NCT06a",
				"NCT07a",
				"NCT08a",
				"NCT08b",
				"NCT09a",
				"NCT09b",
				"NCT09c",
				"NCT10a",
				"NCT11a",
				"NCT11b",
				"NCT12a"
			],
			"type": "string"
		},
		"PermitCondition": {
			"properties": {
				"condition": {
					"$ref": "#/definitions/PermitConditionType"
				},
				"comment": {
					"type": "string",
					"x-nullable": true
				}
			},
			"required": [
				"condition"
			],
			"type": "object"
		},
		"ActivityType": {
			"enum": [
				"highway_improvement_works",
				"highway_repair_and_maintenance_works",
				"utility_asset_works",
				"utility_repair_and_maintenance_works",
				"diversionary_works",
				"disconnection_or_alteration_of_supply",
				"permanent_reinstatement",
				"remedial_works",
				"section_58",
				"section_50",
				"core_sampling",
				"statutory_infrastructure_works",
				"works_for_rail_purposes"
			],
			"type": "string"
		},
		"TrafficManagementType": {
			"enum": [
				"road_closure",
				"contra_flow",
				"lane_closure",
				"multi_way_signals",
				"two_way_signals",
				"convoy_workings",
				"stop_go_boards",
				"priority_working",
				"give_and_take",
				"some_carriageway_incursion",
				"no_carriageway_incursion"
			],
			"type": "string"
		},
		"ApplicationType": {
			"enum": [
				"permit",
				"notice"
			],
			"type": "string"
		},
		"CollaborationType": {
			"enum": [
				"trench_sharing_primary_promoter",
				"trench_sharing_secondary_promoter",
				"sharing_traffic_management_only",
				"other"
			],
			"type": "string"
		},
		"LocationType": {
			"enum": [
				"footway",
				"carriageway",
				"verge",
				"cycleway",
				"footpath"
			],
			"type": "string"
		},
		"PermitStatus": {
			"enum": [
				"submitted",
				"granted_proposed",
				"granted_with_changes",
				"refused",
				"granted_in_progress",
				"closed",
				"cancelled",
				"revoked_proposed",
				"revoked_in_progress",
				"deemed_proposed",
				"deemed_in_progress"
			],
			"type": "string"
		},
		"FileResponse": {
			"properties": {
				"file_id": {
					"type": "number",
					"format": "double"
				},
				"name": {
					"type": "string"
				}
			},
			"required": [
				"file_id",
				"name"
			],
			"type": "object"
		},
		"PermitASD": {
			"properties": {
				"street_special_desig_code": {
					"type": "string"
				},
				"special_desig_location_text": {
					"type": "string"
				},
				"special_desig_description": {
					"type": "string"
				}
			},
			"required": [
				"street_special_desig_code",
				"special_desig_location_text",
				"special_desig_description"
			],
			"type": "object"
		},
		"AlterationStatus": {
			"enum": [
				"submitted",
				"granted",
				"refused",
				"deemed"
			],
			"type": "string"
		},
		"PermitAlterationSummaryResponse": {
			"properties": {
				"permit_alteration_reference_number": {
					"type": "string"
				},
				"date_created": {
					"type": "string",
					"format": "date-time"
				},
				"deadline_date": {
					"type": "string",
					"format": "date-time"
				},
				"alteration_status": {
					"$ref": "#/definitions/AlterationStatus"
				}
			},
			"required": [
				"permit_alteration_reference_number",
				"date_created",
				"deadline_date",
				"alteration_status"
			],
			"type": "object"
		},
		"WorkType": {
			"enum": [
				"planned",
				"immediate"
			],
			"type": "string"
		},
		"WorkCategory": {
			"enum": [
				"minor",
				"standard",
				"major",
				"immediate_urgent",
				"immediate_emergency",
				"paa"
			],
			"type": "string"
		},
		"PermitResponse": {
			"properties": {
				"permit_reference_number": {
					"type": "string"
				},
				"proposed_start_date": {
					"type": "string",
					"format": "date-time"
				},
				"proposed_end_date": {
					"type": "string",
					"format": "date-time"
				},
				"actual_start_date": {
					"type": "string",
					"format": "date-time",
					"x-nullable": true
				},
				"actual_stop_date": {
					"type": "string",
					"format": "date-time",
					"x-nullable": true
				},
				"permit_status": {
					"$ref": "#/definitions/PermitStatus"
				},
				"work_category": {
					"$ref": "#/definitions/WorkCategory"
				},
				"permit_id": {
					"type": "number",
					"format": "double"
				},
				"work_id": {
					"type": "number",
					"format": "double"
				},
				"work_reference_number": {
					"type": "string"
				},
				"promoter_organisation": {
					"type": "string"
				},
				"promoter_swa_code": {
					"type": "string"
				},
				"promoter_contact_details": {
					"type": "string"
				},
				"approved_contractor": {
					"type": "string"
				},
				"contractor_contact_details": {
					"type": "string"
				},
				"proposed_start_time": {
					"type": "string",
					"format": "date-time",
					"x-nullable": true
				},
				"proposed_end_time": {
					"type": "string",
					"format": "date-time",
					"x-nullable": true
				},
				"calendar_day_duration": {
					"type": "number",
					"format": "double"
				},
				"working_day_duration": {
					"type": "number",
					"format": "double"
				},
				"description_of_work": {
					"type": "string"
				},
				"excavation": {
					"type": "boolean"
				},
				"project_reference_number": {
					"type": "string",
					"x-nullable": true
				},
				"traffic_management_plan": {
					"type": "boolean"
				},
				"lane_rental_applicable": {
					"type": "boolean"
				},
				"permit_conditions": {
					"type": "array",
					"items": {
						"$ref": "#/definitions/PermitCondition"
					},
					"x-nullable": true
				},
				"street_name": {
					"type": "string"
				},
				"area_name": {
					"type": "string"
				},
				"usrn": {
					"type": "number",
					"format": "double"
				},
				"highway_authority": {
					"type": "string"
				},
				"highway_authority_swa_code": {
					"type": "string"
				},
				"road_category": {
					"type": "number",
					"format": "double"
				},
				"works_location_description": {
					"type": "string"
				},
				"works_coordinates": {
					"type": "object"
				},
				"environmental_health_notifiable": {
					"type": "boolean"
				},
				"collaborative_working": {
					"type": "boolean"
				},
				"collaboration_details": {
					"type": "string",
					"x-nullable": true
				},
				"collaborative_works": {
					"type": "string",
					"x-nullable": true
				},
				"date_created": {
					"type": "string",
					"format": "date-time"
				},
				"date_modified": {
					"type": "string",
					"format": "date-time"
				},
				"deadline_date": {
					"type": "string",
					"format": "date-time"
				},
				"excavation_carried_out": {
					"type": "boolean"
				},
				"assessment_comments": {
					"type": "string",
					"x-nullable": true
				},
				"activity_type": {
					"$ref": "#/definitions/ActivityType"
				},
				"traffic_management_type": {
					"$ref": "#/definitions/TrafficManagementType"
				},
				"application_type": {
					"$ref": "#/definitions/ApplicationType"
				},
				"collaboration_type": {
					"$ref": "#/definitions/CollaborationType",
					"x-nullable": true
				},
				"location_types": {
					"type": "array",
					"items": {
						"$ref": "#/definitions/LocationType"
					}
				},
				"assessment_status": {
					"$ref": "#/definitions/PermitStatus",
					"x-nullable": true
				},
				"files": {
					"type": "array",
					"items": {
						"$ref": "#/definitions/FileResponse"
					},
					"x-nullable": true
				},
				"inspection_units": {
					"type": "number",
					"format": "double",
					"x-nullable": true
				},
				"permit_asds": {
					"type": "array",
					"items": {
						"$ref": "#/definitions/PermitASD"
					}
				},
				"assessment_discount": {
					"type": "number",
					"format": "double",
					"x-nullable": true
				},
				"is_ttro_required": {
					"type": "boolean",
					"x-nullable": true
				},
				"immediate_risk": {
					"type": "boolean",
					"x-nullable": true
				},
				"early_start_pre_approval": {
					"type": "boolean",
					"x-nullable": true
				},
				"pre_approval_details": {
					"type": "string",
					"x-nullable": true
				},
				"pre_approval_authoriser": {
					"type": "string",
					"x-nullable": true
				},
				"early_start_reason": {
					"type": "string",
					"x-nullable": true
				},
				"additional_info": {
					"type": "string",
					"x-nullable": true
				},
				"permit_alterations": {
					"type": "array",
					"items": {
						"$ref": "#/definitions/PermitAlterationSummaryResponse"
					},
					"x-nullable": true
				},
				"work_type": {
					"$ref": "#/definitions/WorkType"
				}
			},
			"required": [
				"permit_reference_number",
				"proposed_start_date",
				"proposed_end_date",
				"permit_status",
				"work_category",
				"permit_id",
				"work_id",
				"work_reference_number",
				"promoter_organisation",
				"promoter_swa_code",
				"promoter_contact_details",
				"approved_contractor",
				"contractor_contact_details",
				"calendar_day_duration",
				"working_day_duration",
				"description_of_work",
				"excavation",
				"traffic_management_plan",
				"lane_rental_applicable",
				"street_name",
				"area_name",
				"usrn",
				"highway_authority",
				"highway_authority_swa_code",
				"road_category",
				"works_location_description",
				"works_coordinates",
				"environmental_health_notifiable",
				"collaborative_working",
				"date_created",
				"date_modified",
				"deadline_date",
				"excavation_carried_out",
				"activity_type",
				"traffic_management_type",
				"application_type",
				"location_types",
				"permit_asds",
				"work_type"
			],
			"type": "object"
		},
		"PermitCreateResponse": {
			"properties": {
				"permit_reference_number": {
					"type": "string"
				}
			},
			"required": [
				"permit_reference_number"
			],
			"type": "object"
		},
		"PermitCreateRequest": {
			"properties": {
				"promoter_contact_details": {
					"type": "string"
				},
				"approved_contractor": {
					"type": "string"
				},
				"contractor_contact_details": {
					"type": "string"
				},
				"proposed_start_date": {
					"type": "string",
					"format": "date-time"
				},
				"proposed_start_time": {
					"type": "string",
					"format": "date-time",
					"x-nullable": true
				},
				"proposed_end_date": {
					"type": "string",
					"format": "date-time"
				},
				"proposed_end_time": {
					"type": "string",
					"format": "date-time",
					"x-nullable": true
				},
				"description_of_work": {
					"type": "string"
				},
				"excavation": {
					"type": "boolean"
				},
				"project_reference_number": {
					"type": "string",
					"x-nullable": true
				},
				"traffic_management_plan": {
					"type": "boolean"
				},
				"lane_rental_applicable": {
					"type": "boolean"
				},
				"permit_conditions": {
					"type": "array",
					"items": {
						"$ref": "#/definitions/PermitCondition"
					},
					"x-nullable": true
				},
				"works_location_description": {
					"type": "string"
				},
				"environmental_health_notifiable": {
					"type": "boolean"
				},
				"collaborative_working": {
					"type": "boolean"
				},
				"collaboration_details": {
					"type": "string",
					"x-nullable": true
				},
				"collaborative_works": {
					"type": "string",
					"x-nullable": true
				},
				"activity_type": {
					"$ref": "#/definitions/ActivityType"
				},
				"traffic_management_type": {
					"$ref": "#/definitions/TrafficManagementType"
				},
				"application_type": {
					"$ref": "#/definitions/ApplicationType"
				},
				"collaboration_type": {
					"$ref": "#/definitions/CollaborationType",
					"x-nullable": true
				},
				"location_types": {
					"type": "array",
					"items": {
						"$ref": "#/definitions/LocationType"
					}
				},
				"early_start_pre_approval": {
					"type": "boolean",
					"x-nullable": true
				},
				"pre_approval_details": {
					"type": "string",
					"x-nullable": true
				},
				"pre_approval_authoriser": {
					"type": "string",
					"x-nullable": true
				},
				"early_start_reason": {
					"type": "string",
					"x-nullable": true
				},
				"work_type": {
					"$ref": "#/definitions/WorkType"
				},
				"is_ttro_required": {
					"type": "boolean",
					"x-nullable": true
				},
				"immediate_risk": {
					"type": "boolean",
					"x-nullable": true
				},
				"file_ids": {
					"type": "array",
					"items": {
						"type": "number",
						"format": "double"
					},
					"x-nullable": true
				},
				"additional_info": {
					"type": "string",
					"x-nullable": true
				},
				"permit_asds": {
					"type": "array",
					"items": {
						"$ref": "#/definitions/PermitASD"
					},
					"x-nullable": true
				}
			},
			"required": [
				"promoter_contact_details",
				"approved_contractor",
				"contractor_contact_details",
				"proposed_start_date",
				"proposed_end_date",
				"description_of_work",
				"excavation",
				"traffic_management_plan",
				"lane_rental_applicable",
				"works_location_description",
				"environmental_health_notifiable",
				"collaborative_working",
				"activity_type",
				"traffic_management_type",
				"application_type",
				"location_types",
				"work_type"
			],
			"type": "object"
		},
		"PermitStatusUpdateRequest": {
			"properties": {
				"permit_status": {
					"$ref": "#/definitions/PermitStatus"
				},
				"additional_comments": {
					"type": "string",
					"x-nullable": true
				},
				"assessment_discount": {
					"type": "number",
					"format": "double",
					"x-nullable": true
				}
			},
			"required": [
				"permit_status"
			],
			"type": "object"
		},
		"WorkCategoryResponse": {
			"properties": {
				"work_category": {
					"$ref": "#/definitions/WorkCategory"
				},
				"is_early_start": {
					"type": "boolean"
				}
			},
			"required": [
				"work_category",
				"is_early_start"
			],
			"type": "object"
		},
		"PermitSummaryResponse": {
			"properties": {
				"permit_reference_number": {
					"type": "string"
				},
				"proposed_start_date": {
					"type": "string",
					"format": "date-time"
				},
				"proposed_end_date": {
					"type": "string",
					"format": "date-time"
				},
				"actual_start_date": {
					"type": "string",
					"format": "date-time",
					"x-nullable": true
				},
				"actual_stop_date": {
					"type": "string",
					"format": "date-time",
					"x-nullable": true
				},
				"permit_status": {
					"$ref": "#/definitions/PermitStatus"
				},
				"work_category": {
					"$ref": "#/definitions/WorkCategory"
				}
			},
			"required": [
				"permit_reference_number",
				"proposed_start_date",
				"proposed_end_date",
				"permit_status",
				"work_category"
			],
			"type": "object"
		},
		"ReinstatementStatus": {
			"enum": [
				"interim",
				"permanent"
			],
			"type": "string"
		},
		"SiteSummaryResponse": {
			"properties": {
				"site_id": {
					"type": "number",
					"format": "double"
				},
				"site_description": {
					"type": "string"
				},
				"permit_id": {
					"type": "number",
					"format": "double"
				},
				"depth": {
					"type": "number",
					"format": "double"
				},
				"length": {
					"type": "number",
					"format": "double"
				},
				"width": {
					"type": "number",
					"format": "double"
				},
				"completed_date": {
					"type": "string",
					"format": "date-time"
				},
				"end_date": {
					"type": "string",
					"format": "date-time"
				},
				"site_status": {
					"$ref": "#/definitions/ReinstatementStatus"
				}
			},
			"required": [
				"site_id",
				"site_description",
				"permit_id",
				"depth",
				"length",
				"width",
				"completed_date",
				"end_date",
				"site_status"
			],
			"type": "object"
		},
		"InspectionResponseType": {
			"enum": [
				"inspection",
				"reinspection"
			],
			"type": "string"
		},
		"InspectionType": {
			"enum": [
				"slg",
				"reinstatement"
			],
			"type": "string"
		},
		"InspectionCategory": {
			"enum": [
				"a",
				"b",
				"c",
				"third_party",
				"routine"
			],
			"type": "string"
		},
		"InspectionOutcome": {
			"enum": [
				"passed",
				"unable_to_complete",
				"failed_standard",
				"failed_2_hour",
				"failed_4_hour"
			],
			"type": "string"
		},
		"InspectionSummaryResponse": {
			"properties": {
				"inspection_date": {
					"type": "string",
					"format": "date-time"
				},
				"inspection_response_type": {
					"$ref": "#/definitions/InspectionResponseType"
				},
				"inspection_reference_number": {
					"type": "string",
					"x-nullable": true
				},
				"inspection_type": {
					"$ref": "#/definitions/InspectionType",
					"x-nullable": true
				},
				"inspection_category": {
					"$ref": "#/definitions/InspectionCategory",
					"x-nullable": true
				},
				"inspection_outcome": {
					"$ref": "#/definitions/InspectionOutcome",
					"x-nullable": true
				},
				"reinspection_date_time": {
					"type": "string",
					"format": "date-time",
					"x-nullable": true
				}
			},
			"required": [
				"inspection_date",
				"inspection_response_type"
			],
			"type": "object"
		},
		"OffenceCode": {
			"enum": [
				"offence_code_05",
				"offence_code_06",
				"offence_code_08",
				"offence_code_09"
			],
			"type": "string"
		},
		"FPNStatus": {
			"enum": [
				"issued",
				"accepted",
				"paid",
				"paid_discounted",
				"disputed",
				"withdrawn"
			],
			"type": "string"
		},
		"FPNSummaryResponse": {
			"properties": {
				"fpn_reference_number": {
					"type": "string"
				},
				"fpn_offence_type": {
					"$ref": "#/definitions/OffenceCode"
				},
				"issue_date_time": {
					"type": "string",
					"format": "date-time"
				},
				"fpn_status": {
					"$ref": "#/definitions/FPNStatus"
				}
			},
			"required": [
				"fpn_reference_number",
				"fpn_offence_type",
				"issue_date_time",
				"fpn_status"
			],
			"type": "object"
		},
		"WorkResponse": {
			"properties": {
				"work_id": {
					"type": "number",
					"format": "double"
				},
				"work_reference_number": {
					"type": "string"
				},
				"active_permit": {
					"$ref": "#/definitions/PermitResponse"
				},
				"permits": {
					"type": "array",
					"items": {
						"$ref": "#/definitions/PermitSummaryResponse"
					}
				},
				"sites": {
					"type": "array",
					"items": {
						"$ref": "#/definitions/SiteSummaryResponse"
					},
					"x-nullable": true
				},
				"inspections": {
					"type": "array",
					"items": {
						"$ref": "#/definitions/InspectionSummaryResponse"
					},
					"x-nullable": true
				},
				"fpns": {
					"type": "array",
					"items": {
						"$ref": "#/definitions/FPNSummaryResponse"
					},
					"x-nullable": true
				}
			},
			"required": [
				"work_id",
				"work_reference_number",
				"active_permit",
				"permits"
			],
			"type": "object"
		},
		"WorkCreateResponse": {
			"properties": {
				"work_reference_number": {
					"type": "string"
				},
				"permit_reference_number": {
					"type": "string"
				}
			},
			"required": [
				"work_reference_number",
				"permit_reference_number"
			],
			"type": "object"
		},
		"WorkCreateRequest": {
			"properties": {
				"work_reference_number": {
					"type": "string"
				},
				"promoter_organisation": {
					"type": "string"
				},
				"promoter_swa_code": {
					"type": "string"
				},
				"promoter_contact_details": {
					"type": "string"
				},
				"approved_contractor": {
					"type": "string"
				},
				"contractor_contact_details": {
					"type": "string"
				},
				"proposed_start_date": {
					"type": "string",
					"format": "date-time"
				},
				"proposed_start_time": {
					"type": "string",
					"format": "date-time",
					"x-nullable": true
				},
				"proposed_end_date": {
					"type": "string",
					"format": "date-time"
				},
				"proposed_end_time": {
					"type": "string",
					"format": "date-time",
					"x-nullable": true
				},
				"description_of_work": {
					"type": "string"
				},
				"excavation": {
					"type": "boolean"
				},
				"project_reference_number": {
					"type": "string",
					"x-nullable": true
				},
				"traffic_management_plan": {
					"type": "boolean"
				},
				"lane_rental_applicable": {
					"type": "boolean"
				},
				"permit_conditions": {
					"type": "array",
					"items": {
						"$ref": "#/definitions/PermitCondition"
					},
					"x-nullable": true
				},
				"street_name": {
					"type": "string"
				},
				"area_name": {
					"type": "string"
				},
				"usrn": {
					"type": "number",
					"format": "double"
				},
				"highway_authority": {
					"type": "string"
				},
				"highway_authority_swa_code": {
					"type": "string"
				},
				"road_category": {
					"type": "number",
					"format": "double"
				},
				"works_location_description": {
					"type": "string"
				},
				"works_coordinates": {
					"type": "object"
				},
				"environmental_health_notifiable": {
					"type": "boolean"
				},
				"collaborative_working": {
					"type": "boolean"
				},
				"collaboration_details": {
					"type": "string",
					"x-nullable": true
				},
				"collaborative_works": {
					"type": "string",
					"x-nullable": true
				},
				"activity_type": {
					"$ref": "#/definitions/ActivityType"
				},
				"traffic_management_type": {
					"$ref": "#/definitions/TrafficManagementType"
				},
				"application_type": {
					"$ref": "#/definitions/ApplicationType"
				},
				"collaboration_type": {
					"$ref": "#/definitions/CollaborationType",
					"x-nullable": true
				},
				"location_types": {
					"type": "array",
					"items": {
						"$ref": "#/definitions/LocationType"
					}
				},
				"file_ids": {
					"type": "array",
					"items": {
						"type": "number",
						"format": "double"
					},
					"x-nullable": true
				},
				"permit_asds": {
					"type": "array",
					"items": {
						"$ref": "#/definitions/PermitASD"
					},
					"x-nullable": true
				},
				"work_type": {
					"$ref": "#/definitions/WorkType"
				},
				"is_ttro_required": {
					"type": "boolean",
					"x-nullable": true
				},
				"immediate_risk": {
					"type": "boolean",
					"x-nullable": true
				},
				"early_start_pre_approval": {
					"type": "boolean",
					"x-nullable": true
				},
				"pre_approval_details": {
					"type": "string",
					"x-nullable": true
				},
				"pre_approval_authoriser": {
					"type": "string",
					"x-nullable": true
				},
				"early_start_reason": {
					"type": "string",
					"x-nullable": true
				},
				"additional_info": {
					"type": "string",
					"x-nullable": true
				}
			},
			"required": [
				"work_reference_number",
				"promoter_organisation",
				"promoter_swa_code",
				"promoter_contact_details",
				"approved_contractor",
				"contractor_contact_details",
				"proposed_start_date",
				"proposed_end_date",
				"description_of_work",
				"excavation",
				"traffic_management_plan",
				"lane_rental_applicable",
				"street_name",
				"area_name",
				"usrn",
				"highway_authority",
				"highway_authority_swa_code",
				"road_category",
				"works_location_description",
				"works_coordinates",
				"environmental_health_notifiable",
				"collaborative_working",
				"activity_type",
				"traffic_management_type",
				"application_type",
				"location_types",
				"work_type"
			],
			"type": "object"
		},
		"WorkStartUpdateRequest": {
			"properties": {
				"actual_start_date": {
					"type": "string",
					"format": "date-time"
				}
			},
			"required": [
				"actual_start_date"
			],
			"type": "object"
		},
		"WorkStopUpdateRequest": {
			"properties": {
				"actual_stop_date": {
					"type": "string",
					"format": "date-time"
				}
			},
			"required": [
				"actual_stop_date"
			],
			"type": "object"
		},
		"ExcavationCarriedOutUpdateRequest": {
			"properties": {
				"excavation_carried_out": {
					"type": "boolean"
				}
			},
			"required": [
				"excavation_carried_out"
			],
			"type": "object"
		},
		"InspectionUnitsUpdateRequest": {
			"properties": {
				"inspection_units": {
					"type": "number",
					"format": "double"
				}
			},
			"required": [
				"inspection_units"
			],
			"type": "object"
		},
		"WorkHistoryResponse": {
			"properties": {
				"action_date": {
					"type": "string",
					"format": "date-time"
				},
				"topic": {
					"type": "string"
				},
				"details": {
					"type": "string"
				},
				"username": {
					"type": "string"
				},
				"isComment": {
					"type": "boolean",
					"x-nullable": true
				}
			},
			"required": [
				"action_date",
				"topic",
				"details",
				"username"
			],
			"type": "object"
		},
		"SiteCreateResponse": {
			"properties": {
				"site_id": {
					"type": "number",
					"format": "double"
				}
			},
			"required": [
				"site_id"
			],
			"type": "object"
		},
		"ReinstatementCreateRequest": {
			"properties": {
				"reinstatement_status": {
					"$ref": "#/definitions/ReinstatementStatus"
				},
				"reinstatement_date": {
					"type": "string",
					"format": "date-time"
				},
				"depth": {
					"type": "number",
					"format": "double"
				},
				"length": {
					"type": "number",
					"format": "double"
				},
				"width": {
					"type": "number",
					"format": "double"
				},
				"reinstatement_coordinates": {
					"type": "object"
				},
				"location_description": {
					"type": "string"
				},
				"location_types": {
					"type": "array",
					"items": {
						"$ref": "#/definitions/LocationType"
					}
				},
				"reinstatement_evidence": {
					"type": "boolean"
				},
				"file_ids": {
					"type": "array",
					"items": {
						"type": "number",
						"format": "double"
					},
					"x-nullable": true
				}
			},
			"required": [
				"reinstatement_status",
				"reinstatement_date",
				"depth",
				"length",
				"width",
				"reinstatement_coordinates",
				"location_description",
				"location_types",
				"reinstatement_evidence"
			],
			"type": "object"
		},
		"ReinstatementResponse": {
			"properties": {
				"reinstatement_id": {
					"type": "number",
					"format": "double"
				},
				"permit_id": {
					"type": "number",
					"format": "double"
				},
				"reinstatement_status": {
					"$ref": "#/definitions/ReinstatementStatus"
				},
				"reinstatement_date": {
					"type": "string",
					"format": "date-time"
				},
				"depth": {
					"type": "number",
					"format": "double"
				},
				"length": {
					"type": "number",
					"format": "double"
				},
				"width": {
					"type": "number",
					"format": "double"
				},
				"reinstatement_coordinates": {
					"type": "object"
				},
				"location_description": {
					"type": "string"
				},
				"end_date": {
					"type": "string",
					"format": "date-time"
				},
				"date_created": {
					"type": "string",
					"format": "date-time"
				},
				"date_modified": {
					"type": "string",
					"format": "date-time"
				},
				"location_types": {
					"type": "array",
					"items": {
						"$ref": "#/definitions/LocationType"
					}
				},
				"reinstatement_evidence": {
					"type": "boolean"
				},
				"files": {
					"type": "array",
					"items": {
						"$ref": "#/definitions/FileResponse"
					},
					"x-nullable": true
				}
			},
			"required": [
				"reinstatement_id",
				"permit_id",
				"reinstatement_status",
				"reinstatement_date",
				"depth",
				"length",
				"width",
				"reinstatement_coordinates",
				"location_description",
				"end_date",
				"date_created",
				"date_modified",
				"location_types",
				"reinstatement_evidence"
			],
			"type": "object"
		},
		"SiteResponse": {
			"properties": {
				"site_id": {
					"type": "number",
					"format": "double"
				},
				"site_description": {
					"type": "string"
				},
				"permit_id": {
					"type": "number",
					"format": "double"
				},
				"depth": {
					"type": "number",
					"format": "double"
				},
				"length": {
					"type": "number",
					"format": "double"
				},
				"width": {
					"type": "number",
					"format": "double"
				},
				"completed_date": {
					"type": "string",
					"format": "date-time"
				},
				"end_date": {
					"type": "string",
					"format": "date-time"
				},
				"site_status": {
					"$ref": "#/definitions/ReinstatementStatus"
				},
				"location_types": {
					"type": "array",
					"items": {
						"$ref": "#/definitions/LocationType"
					}
				},
				"site_coordinates": {
					"type": "object"
				},
				"reinstatements": {
					"type": "array",
					"items": {
						"$ref": "#/definitions/ReinstatementResponse"
					}
				}
			},
			"required": [
				"site_id",
				"site_description",
				"permit_id",
				"depth",
				"length",
				"width",
				"completed_date",
				"end_date",
				"site_status",
				"location_types",
				"site_coordinates",
				"reinstatements"
			],
			"type": "object"
		},
		"ReinstatementCreateResponse": {
			"properties": {
				"reinstatement_id": {
					"type": "number",
					"format": "double"
				}
			},
			"required": [
				"reinstatement_id"
			],
			"type": "object"
		},
		"DefectFixedOnsite": {
			"enum": [
				"yes_by_inspector",
				"yes_by_onsite_members",
				"no"
			],
			"type": "string"
		},
		"InspectionResponse": {
			"properties": {
				"inspection_reference_number": {
					"type": "string"
				},
				"permit_id": {
					"type": "number",
					"format": "double"
				},
				"inspection_type": {
					"$ref": "#/definitions/InspectionType"
				},
				"inspection_start_date": {
					"type": "string",
					"format": "date-time"
				},
				"inspection_category": {
					"$ref": "#/definitions/InspectionCategory"
				},
				"inspection_outcome": {
					"$ref": "#/definitions/InspectionOutcome"
				},
				"defect_details": {
					"type": "string",
					"x-nullable": true
				},
				"unable_to_complete_details": {
					"type": "string",
					"x-nullable": true
				},
				"was_call_logged": {
					"type": "boolean",
					"x-nullable": true
				},
				"call_logged_to": {
					"type": "string",
					"x-nullable": true
				},
				"call_logged_summary": {
					"type": "string",
					"x-nullable": true
				},
				"defect_fixed_on_site": {
					"$ref": "#/definitions/DefectFixedOnsite",
					"x-nullable": true
				},
				"additional_failure_comments": {
					"type": "string",
					"x-nullable": true
				},
				"date_created": {
					"type": "string",
					"format": "date-time"
				},
				"date_modified": {
					"type": "string",
					"format": "date-time"
				},
				"files": {
					"type": "array",
					"items": {
						"$ref": "#/definitions/FileResponse"
					},
					"x-nullable": true
				},
				"work_reference_number": {
					"type": "string"
				},
				"reinspection_date": {
					"type": "string",
					"format": "date-time",
					"x-nullable": true
				},
				"reinspection_date_time": {
					"type": "string",
					"format": "date-time",
					"x-nullable": true
				},
				"username": {
					"type": "string"
				},
				"promoter_organisation": {
					"type": "string"
				},
				"highway_authority": {
					"type": "string"
				}
			},
			"required": [
				"inspection_reference_number",
				"permit_id",
				"inspection_type",
				"inspection_start_date",
				"inspection_category",
				"inspection_outcome",
				"date_created",
				"date_modified",
				"work_reference_number",
				"username",
				"promoter_organisation",
				"highway_authority"
			],
			"type": "object"
		},
		"InspectionCreateResponse": {
			"properties": {
				"inspection_reference_number": {
					"type": "string"
				}
			},
			"required": [
				"inspection_reference_number"
			],
			"type": "object"
		},
		"InspectionCreateRequest": {
			"properties": {
				"inspection_type": {
					"$ref": "#/definitions/InspectionType"
				},
				"inspection_start_date": {
					"type": "string",
					"format": "date-time"
				},
				"inspection_category": {
					"$ref": "#/definitions/InspectionCategory"
				},
				"inspection_outcome": {
					"$ref": "#/definitions/InspectionOutcome"
				},
				"defect_details": {
					"type": "string",
					"x-nullable": true
				},
				"unable_to_complete_details": {
					"type": "string",
					"x-nullable": true
				},
				"was_call_logged": {
					"type": "boolean",
					"x-nullable": true
				},
				"call_logged_to": {
					"type": "string",
					"x-nullable": true
				},
				"call_logged_summary": {
					"type": "string",
					"x-nullable": true
				},
				"defect_fixed_on_site": {
					"$ref": "#/definitions/DefectFixedOnsite",
					"x-nullable": true
				},
				"additional_failure_comments": {
					"type": "string",
					"x-nullable": true
				},
				"inspection_evidence": {
					"type": "boolean",
					"x-nullable": true
				},
				"file_ids": {
					"type": "array",
					"items": {
						"type": "number",
						"format": "double"
					},
					"x-nullable": true
				},
				"reinspection_date": {
					"type": "string",
					"format": "date-time",
					"x-nullable": true
				},
				"reinspection_date_time": {
					"type": "string",
					"format": "date-time",
					"x-nullable": true
				},
				"username": {
					"type": "string"
				}
			},
			"required": [
				"inspection_type",
				"inspection_start_date",
				"inspection_category",
				"inspection_outcome",
				"username"
			],
			"type": "object"
		},
		"AuthenticationResponse": {
			"properties": {
				"idToken": {
					"type": "string"
				}
			},
			"required": [
				"idToken"
			],
			"type": "object"
		},
		"AuthenticationRequest": {
			"properties": {
				"emailAddress": {
					"type": "string"
				},
				"password": {
					"type": "string"
				}
			},
			"required": [
				"emailAddress",
				"password"
			],
			"type": "object"
		},
		"FPNResponse": {
			"properties": {
				"fpn_reference_number": {
					"type": "string"
				},
				"fpn_offence_type": {
					"$ref": "#/definitions/OffenceCode"
				},
				"issue_date_time": {
					"type": "string",
					"format": "date-time"
				},
				"fpn_status": {
					"$ref": "#/definitions/FPNStatus"
				},
				"location": {
					"type": "string"
				},
				"offence_date": {
					"type": "string",
					"format": "date-time"
				},
				"offence_details": {
					"type": "string"
				},
				"authorised_officer": {
					"type": "string"
				},
				"officer_contact_details": {
					"type": "string"
				},
				"work_reference_number": {
					"type": "string"
				},
				"promoter_organisation": {
					"type": "string"
				},
				"ha_organisation": {
					"type": "string"
				},
				"files": {
					"type": "array",
					"items": {
						"$ref": "#/definitions/FileResponse"
					},
					"x-nullable": true
				}
			},
			"required": [
				"fpn_reference_number",
				"fpn_offence_type",
				"issue_date_time",
				"fpn_status",
				"location",
				"offence_date",
				"offence_details",
				"authorised_officer",
				"officer_contact_details",
				"work_reference_number",
				"promoter_organisation",
				"ha_organisation"
			],
			"type": "object"
		},
		"FPNCreateResponse": {
			"properties": {
				"fpn_reference_number": {
					"type": "string"
				}
			},
			"required": [
				"fpn_reference_number"
			],
			"type": "object"
		},
		"FPNCreateRequest": {
			"properties": {
				"fpn_evidence": {
					"type": "boolean"
				},
				"file_ids": {
					"type": "array",
					"items": {
						"type": "number",
						"format": "double"
					},
					"x-nullable": true
				},
				"offence_date": {
					"type": "string",
					"format": "date-time"
				},
				"offence_code": {
					"$ref": "#/definitions/OffenceCode"
				},
				"offence_details": {
					"type": "string"
				},
				"authorised_officer": {
					"type": "string"
				},
				"officer_contact_details": {
					"type": "string"
				}
			},
			"required": [
				"fpn_evidence",
				"offence_date",
				"offence_code",
				"offence_details",
				"authorised_officer",
				"officer_contact_details"
			],
			"type": "object"
		},
		"FPNStatusUpdateRequest": {
			"properties": {
				"fpn_status": {
					"$ref": "#/definitions/FPNStatus"
				},
				"status_reason": {
					"type": "string",
					"x-nullable": true
				}
			},
			"required": [
				"fpn_status"
			],
			"type": "object"
		},
		"CommentCreateResponse": {
			"properties": {
				"comment_id": {
					"type": "number",
					"format": "double"
				}
			},
			"required": [
				"comment_id"
			],
			"type": "object"
		},
		"CommentTopic": {
			"enum": [
				"GENERAL",
				"SECTION_74",
				"INSPECTION",
				"FPN",
				"OVERRUN"
			],
			"type": "string"
		},
		"CommentCreateRequest": {
			"properties": {
				"detail": {
					"type": "string"
				},
				"topic": {
					"$ref": "#/definitions/CommentTopic"
				}
			},
			"required": [
				"detail",
				"topic"
			],
			"type": "object"
		},
		"DurationCalculationResponse": {
			"properties": {
				"calendar_days": {
					"type": "number",
					"format": "double"
				},
				"working_days": {
					"type": "number",
					"format": "double"
				}
			},
			"required": [
				"calendar_days",
				"working_days"
			],
			"type": "object"
		},
		"PermitAlterationCreateResponse": {
			"properties": {
				"permit_alteration_reference_number": {
					"type": "string"
				}
			},
			"required": [
				"permit_alteration_reference_number"
			],
			"type": "object"
		},
		"PermitAlterationCreateRequest": {
			"properties": {
				"promoter_contact_details": {
					"type": "string"
				},
				"approved_contractor": {
					"type": "string"
				},
				"contractor_contact_details": {
					"type": "string"
				},
				"proposed_start_date": {
					"type": "string",
					"format": "date-time"
				},
				"proposed_start_time": {
					"type": "string",
					"format": "date-time",
					"x-nullable": true
				},
				"proposed_end_date": {
					"type": "string",
					"format": "date-time"
				},
				"proposed_end_time": {
					"type": "string",
					"format": "date-time",
					"x-nullable": true
				},
				"description_of_work": {
					"type": "string"
				},
				"excavation": {
					"type": "boolean"
				},
				"project_reference_number": {
					"type": "string",
					"x-nullable": true
				},
				"traffic_management_plan": {
					"type": "boolean"
				},
				"lane_rental_applicable": {
					"type": "boolean"
				},
				"permit_conditions": {
					"type": "array",
					"items": {
						"$ref": "#/definitions/PermitCondition"
					},
					"x-nullable": true
				},
				"works_location_description": {
					"type": "string"
				},
				"environmental_health_notifiable": {
					"type": "boolean"
				},
				"collaborative_working": {
					"type": "boolean"
				},
				"collaboration_details": {
					"type": "string",
					"x-nullable": true
				},
				"collaborative_works": {
					"type": "string",
					"x-nullable": true
				},
				"activity_type": {
					"$ref": "#/definitions/ActivityType"
				},
				"traffic_management_type": {
					"$ref": "#/definitions/TrafficManagementType"
				},
				"application_type": {
					"$ref": "#/definitions/ApplicationType"
				},
				"collaboration_type": {
					"$ref": "#/definitions/CollaborationType",
					"x-nullable": true
				},
				"location_types": {
					"type": "array",
					"items": {
						"$ref": "#/definitions/LocationType"
					}
				},
				"early_start_pre_approval": {
					"type": "boolean",
					"x-nullable": true
				},
				"pre_approval_details": {
					"type": "string",
					"x-nullable": true
				},
				"pre_approval_authoriser": {
					"type": "string",
					"x-nullable": true
				},
				"early_start_reason": {
					"type": "string",
					"x-nullable": true
				},
				"work_type": {
					"$ref": "#/definitions/WorkType"
				},
				"is_ttro_required": {
					"type": "boolean",
					"x-nullable": true
				},
				"immediate_risk": {
					"type": "boolean",
					"x-nullable": true
				},
				"file_ids": {
					"type": "array",
					"items": {
						"type": "number",
						"format": "double"
					},
					"x-nullable": true
				},
				"additional_info": {
					"type": "string",
					"x-nullable": true
				},
				"permit_alteration_reason": {
					"type": "string"
				}
			},
			"required": [
				"promoter_contact_details",
				"approved_contractor",
				"contractor_contact_details",
				"proposed_start_date",
				"proposed_end_date",
				"description_of_work",
				"excavation",
				"traffic_management_plan",
				"lane_rental_applicable",
				"works_location_description",
				"environmental_health_notifiable",
				"collaborative_working",
				"activity_type",
				"traffic_management_type",
				"application_type",
				"location_types",
				"work_type",
				"permit_alteration_reason"
			],
			"type": "object"
		},
		"PermitAlterationStatusUpdateRequest": {
			"properties": {
				"alteration_status": {
					"$ref": "#/definitions/AlterationStatus"
				},
				"assessment_comments": {
					"type": "string",
					"x-nullable": true
				},
				"assessment_discount": {
					"type": "number",
					"format": "double",
					"x-nullable": true
				}
			},
			"required": [
				"alteration_status"
			],
			"type": "object"
		},
		"AlterationType": {
			"enum": [
				"PERMIT_CHANGE_REQUEST",
				"PERMIT_CHANGE_EXTENSION",
				"PERMIT_CHANGE_AIV"
			],
			"type": "string"
		},
		"PermitAlterationResponse": {
			"properties": {
				"permit_alteration_reference_number": {
					"type": "string"
				},
				"date_created": {
					"type": "string",
					"format": "date-time"
				},
				"deadline_date": {
					"type": "string",
					"format": "date-time"
				},
				"alteration_status": {
					"$ref": "#/definitions/AlterationStatus"
				},
				"permit_status": {
					"$ref": "#/definitions/PermitStatus",
					"x-nullable": true
				},
				"assessment_discount": {
					"type": "number",
					"format": "double",
					"x-nullable": true
				},
				"assessment_comments": {
					"type": "string",
					"x-nullable": true
				},
				"permit_alteration_reason": {
					"type": "string"
				},
				"original": {
					"$ref": "#/definitions/PermitResponse"
				},
				"proposed": {
					"$ref": "#/definitions/PermitResponse"
				},
				"alteration_type": {
					"$ref": "#/definitions/AlterationType"
				}
			},
			"required": [
				"permit_alteration_reference_number",
				"date_created",
				"deadline_date",
				"alteration_status",
				"permit_alteration_reason",
				"original",
				"proposed",
				"alteration_type"
			],
			"type": "object"
		}
	},
	"info": {
		"title": "street-manager-api",
		"version": "1.0.0",
		"description": "The verbose description of the Street Manager API",
		"license": {
			"name": "MIT"
		}
	},
	"paths": {
		"/healthcheck": {
			"get": {
				"operationId": "Healthcheck",
				"produces": [
					"application/json"
				],
				"responses": {
					"200": {
						"description": "Healthy"
					},
					"500": {
						"description": "Unhealthy"
					}
				},
				"security": [],
				"parameters": []
			}
		},
		"/status": {
			"get": {
				"operationId": "Status",
				"produces": [
					"application/json"
				],
				"responses": {
					"200": {
						"description": "Available"
					}
				},
				"security": [],
				"parameters": []
			}
		},
		"/works/{workReferenceNumber}/permits/{permitReferenceNumber}": {
			"get": {
				"operationId": "GetPermit",
				"produces": [
					"application/json"
				],
				"responses": {
					"200": {
						"description": "Ok",
						"schema": {
							"$ref": "#/definitions/PermitResponse"
						}
					}
				},
				"security": [
					{
						"token": [
							"Planner",
							"HighwayAuthority"
						]
					}
				],
				"parameters": [
					{
						"in": "path",
						"name": "workReferenceNumber",
						"required": true,
						"type": "string",
						"maxLength": 100
					},
					{
						"in": "path",
						"name": "permitReferenceNumber",
						"required": true,
						"type": "string",
						"maxLength": 100
					}
				]
			}
		},
		"/works/{workReferenceNumber}/permits": {
			"post": {
				"operationId": "CreatePermit",
				"produces": [
					"application/json"
				],
				"responses": {
					"201": {
						"description": "Created",
						"schema": {
							"$ref": "#/definitions/PermitCreateResponse"
						}
					},
					"409": {
						"description": "Conflict"
					}
				},
				"security": [
					{
						"token": [
							"Planner"
						]
					}
				],
				"parameters": [
					{
						"in": "body",
						"name": "body",
						"required": true,
						"schema": {
							"$ref": "#/definitions/PermitCreateRequest"
						}
					},
					{
						"in": "path",
						"name": "workReferenceNumber",
						"required": true,
						"type": "string"
					}
				]
			}
		},
		"/works/{workReferenceNumber}/permits/{permitReferenceNumber}/status": {
			"put": {
				"operationId": "UpdatePermitStatus",
				"produces": [
					"application/json"
				],
				"responses": {
					"204": {
						"description": "No Content"
					},
					"404": {
						"description": "Not Found"
					}
				},
				"security": [
					{
						"token": [
							"HighwayAuthority",
							"Planner"
						]
					}
				],
				"parameters": [
					{
						"in": "path",
						"name": "workReferenceNumber",
						"required": true,
						"type": "string"
					},
					{
						"in": "path",
						"name": "permitReferenceNumber",
						"required": true,
						"type": "string"
					},
					{
						"in": "body",
						"name": "body",
						"required": true,
						"schema": {
							"$ref": "#/definitions/PermitStatusUpdateRequest"
						}
					}
				]
			}
		},
		"/permits/category": {
			"get": {
				"operationId": "GetWorkCategory",
				"produces": [
					"application/json"
				],
				"responses": {
					"200": {
						"description": "Ok",
						"schema": {
							"$ref": "#/definitions/WorkCategoryResponse"
						}
					}
				},
				"security": [
					{
						"token": [
							"HighwayAuthority",
							"Planner"
						]
					}
				],
				"parameters": [
					{
						"in": "query",
						"name": "work_type",
						"required": true,
						"type": "string",
						"enum": [
							"planned",
							"immediate"
						]
					},
					{
						"in": "query",
						"name": "proposed_start_date",
						"required": false,
						"format": "date-time",
						"type": "string"
					},
					{
						"in": "query",
						"name": "proposed_end_date",
						"required": false,
						"format": "date-time",
						"type": "string"
					},
					{
						"in": "query",
						"name": "is_ttro_required",
						"required": false,
						"type": "boolean"
					},
					{
						"in": "query",
						"name": "immediate_risk",
						"required": false,
						"type": "boolean"
					},
					{
						"in": "query",
						"name": "work_reference_number",
						"required": false,
						"type": "string"
					}
				]
			}
		},
		"/works/{workReferenceNumber}": {
			"get": {
				"operationId": "GetWork",
				"produces": [
					"application/json"
				],
				"responses": {
					"200": {
						"description": "Ok",
						"schema": {
							"$ref": "#/definitions/WorkResponse"
						}
					}
				},
				"security": [
					{
						"token": [
							"Planner",
							"HighwayAuthority"
						]
					}
				],
				"parameters": [
					{
						"in": "path",
						"name": "workReferenceNumber",
						"required": true,
						"type": "string"
					}
				]
			}
		},
		"/works": {
			"post": {
				"operationId": "CreateWork",
				"produces": [
					"application/json"
				],
				"responses": {
					"201": {
						"description": "Created",
						"schema": {
							"$ref": "#/definitions/WorkCreateResponse"
						}
					},
					"409": {
						"description": "Conflict"
					}
				},
				"security": [
					{
						"token": [
							"Planner"
						]
					}
				],
				"parameters": [
					{
						"in": "body",
						"name": "body",
						"required": true,
						"schema": {
							"$ref": "#/definitions/WorkCreateRequest"
						}
					}
				]
			}
		},
		"/works/{workReferenceNumber}/start": {
			"put": {
				"operationId": "UpdateActualStartDate",
				"produces": [
					"application/json"
				],
				"responses": {
					"204": {
						"description": ""
					}
				},
				"security": [
					{
						"token": [
							"Planner"
						]
					}
				],
				"parameters": [
					{
						"in": "path",
						"name": "workReferenceNumber",
						"required": true,
						"type": "string"
					},
					{
						"in": "body",
						"name": "body",
						"required": true,
						"schema": {
							"$ref": "#/definitions/WorkStartUpdateRequest"
						}
					}
				]
			}
		},
		"/works/{workReferenceNumber}/stop": {
			"put": {
				"operationId": "UpdateActualStopDate",
				"produces": [
					"application/json"
				],
				"responses": {
					"204": {
						"description": ""
					}
				},
				"security": [
					{
						"token": [
							"Planner"
						]
					}
				],
				"parameters": [
					{
						"in": "path",
						"name": "workReferenceNumber",
						"required": true,
						"type": "string"
					},
					{
						"in": "body",
						"name": "body",
						"required": true,
						"schema": {
							"$ref": "#/definitions/WorkStopUpdateRequest"
						}
					}
				]
			}
		},
		"/works/{workReferenceNumber}/excavation": {
			"put": {
				"operationId": "UpdateExcavationCarriedOut",
				"produces": [
					"application/json"
				],
				"responses": {
					"204": {
						"description": ""
					}
				},
				"security": [
					{
						"token": [
							"Planner"
						]
					}
				],
				"parameters": [
					{
						"in": "path",
						"name": "workReferenceNumber",
						"required": true,
						"type": "string"
					},
					{
						"in": "body",
						"name": "body",
						"required": true,
						"schema": {
							"$ref": "#/definitions/ExcavationCarriedOutUpdateRequest"
						}
					}
				]
			}
		},
		"/works/{workReferenceNumber}/inspection-units": {
			"put": {
				"operationId": "UpdateInspectionUnits",
				"produces": [
					"application/json"
				],
				"responses": {
					"204": {
						"description": ""
					}
				},
				"security": [
					{
						"token": [
							"Planner"
						]
					}
				],
				"parameters": [
					{
						"in": "path",
						"name": "workReferenceNumber",
						"required": true,
						"type": "string"
					},
					{
						"in": "body",
						"name": "body",
						"required": true,
						"schema": {
							"$ref": "#/definitions/InspectionUnitsUpdateRequest"
						}
					}
				]
			}
		},
		"/works/{workReferenceNumber}/history": {
			"get": {
				"operationId": "GetWorkHistory",
				"produces": [
					"application/json"
				],
				"responses": {
					"200": {
						"description": "Ok",
						"schema": {
							"type": "array",
							"items": {
								"$ref": "#/definitions/WorkHistoryResponse"
							}
						}
					}
				},
				"security": [
					{
						"token": [
							"Planner",
							"HighwayAuthority"
						]
					}
				],
				"parameters": [
					{
						"in": "path",
						"name": "workReferenceNumber",
						"required": true,
						"type": "string"
					}
				]
			}
		},
		"/works/{workReferenceNumber}/sites": {
			"post": {
				"operationId": "CreateSite",
				"produces": [
					"application/json"
				],
				"responses": {
					"201": {
						"description": "Created",
						"schema": {
							"$ref": "#/definitions/SiteCreateResponse"
						}
					}
				},
				"security": [
					{
						"token": [
							"Planner"
						]
					}
				],
				"parameters": [
					{
						"in": "path",
						"name": "workReferenceNumber",
						"required": true,
						"type": "string"
					},
					{
						"in": "body",
						"name": "body",
						"required": true,
						"schema": {
							"$ref": "#/definitions/ReinstatementCreateRequest"
						}
					}
				]
			}
		},
		"/works/{workReferenceNumber}/sites/{siteId}": {
			"get": {
				"operationId": "GetSite",
				"produces": [
					"application/json"
				],
				"responses": {
					"200": {
						"description": "Ok",
						"schema": {
							"$ref": "#/definitions/SiteResponse"
						}
					}
				},
				"security": [
					{
						"token": [
							"Planner",
							"HighwayAuthority"
						]
					}
				],
				"parameters": [
					{
						"in": "path",
						"name": "workReferenceNumber",
						"required": true,
						"type": "string"
					},
					{
						"in": "path",
						"name": "siteId",
						"required": true,
						"format": "double",
						"type": "number"
					}
				]
			}
		},
		"/works/{workReferenceNumber}/sites/{siteId}/reinstatements": {
			"post": {
				"operationId": "CreateReinstatement",
				"produces": [
					"application/json"
				],
				"responses": {
					"201": {
						"description": "Created",
						"schema": {
							"$ref": "#/definitions/ReinstatementCreateResponse"
						}
					}
				},
				"security": [
					{
						"token": [
							"Planner"
						]
					}
				],
				"parameters": [
					{
						"in": "path",
						"name": "workReferenceNumber",
						"required": true,
						"type": "string"
					},
					{
						"in": "path",
						"name": "siteId",
						"required": true,
						"format": "double",
						"type": "number"
					},
					{
						"in": "body",
						"name": "body",
						"required": true,
						"schema": {
							"$ref": "#/definitions/ReinstatementCreateRequest"
						}
					}
				]
			}
		},
		"/works/{workReferenceNumber}/inspections/{inspectionReferenceNumber}": {
			"get": {
				"operationId": "GetInspection",
				"produces": [
					"application/json"
				],
				"responses": {
					"200": {
						"description": "Ok",
						"schema": {
							"$ref": "#/definitions/InspectionResponse"
						}
					}
				},
				"security": [
					{
						"token": [
							"Planner",
							"HighwayAuthority"
						]
					}
				],
				"parameters": [
					{
						"in": "path",
						"name": "workReferenceNumber",
						"required": true,
						"type": "string"
					},
					{
						"in": "path",
						"name": "inspectionReferenceNumber",
						"required": true,
						"type": "string"
					}
				]
			}
		},
		"/works/{workReferenceNumber}/inspections": {
			"post": {
				"operationId": "CreateInspection",
				"produces": [
					"application/json"
				],
				"responses": {
					"201": {
						"description": "Created",
						"schema": {
							"$ref": "#/definitions/InspectionCreateResponse"
						}
					}
				},
				"security": [
					{
						"token": [
							"HighwayAuthority"
						]
					}
				],
				"parameters": [
					{
						"in": "path",
						"name": "workReferenceNumber",
						"required": true,
						"type": "string"
					},
					{
						"in": "body",
						"name": "body",
						"required": true,
						"schema": {
							"$ref": "#/definitions/InspectionCreateRequest"
						}
					}
				]
			}
		},
		"/authenticate": {
			"post": {
				"operationId": "Authenticate",
				"produces": [
					"application/json"
				],
				"responses": {
					"200": {
						"description": "Ok",
						"schema": {
							"$ref": "#/definitions/AuthenticationResponse"
						}
					}
				},
				"security": [],
				"parameters": [
					{
						"in": "body",
						"name": "body",
						"required": true,
						"schema": {
							"$ref": "#/definitions/AuthenticationRequest"
						}
					}
				]
			}
		},
		"/files": {
			"post": {
				"operationId": "UploadFile",
				"produces": [
					"application/json"
				],
				"responses": {
					"201": {
						"description": "Created",
						"schema": {
							"$ref": "#/definitions/FileResponse"
						}
					}
				},
				"security": [
					{
						"token": [
							"Planner",
							"HighwayAuthority"
						]
					}
				],
				"parameters": [
					{
						"in": "formData",
						"name": "file",
						"required": true,
						"type": "file"
					}
				],
				"consumes": [
					"multipart/form-data"
				]
			}
		},
		"/files/{fileId}": {
			"get": {
				"operationId": "GetFile",
				"produces": [
					"application/json"
				],
				"responses": {
					"200": {
						"content": {
							"image/jpeg": {
								"schema": {
									"type": "string",
									"format": "binary"
								}
							},
							"image/png": {
								"schema": {
									"type": "string",
									"format": "binary"
								}
							},
							"application/pdf": {
								"schema": {
									"type": "file"
								}
							},
							"text/html": {
								"schema": {
									"type": "string",
									"format": "binary"
								}
							},
							"application/msword": {
								"schema": {
									"type": "file"
								}
							},
							"application/vnd.oasis.opendocument.text": {
								"schema": {
									"type": "string",
									"format": "binary"
								}
							}
						}
					},
					"204": {
						"description": "No content"
					}
				},
				"security": [
					{
						"token": [
							"Planner",
							"HighwayAuthority"
						]
					}
				],
				"parameters": [
					{
						"in": "path",
						"name": "fileId",
						"required": true
					}
				]
			},
			"delete": {
				"operationId": "DeleteFile",
				"produces": [
					"application/json"
				],
				"responses": {
					"204": {
						"description": ""
					}
				},
				"security": [
					{
						"token": [
							"Planner",
							"HighwayAuthority"
						]
					}
				],
				"parameters": [
					{
						"in": "path",
						"name": "fileId",
						"required": true,
						"format": "double",
						"type": "number"
					}
				]
			}
		},
		"/works/{workReferenceNumber}/fixed-penalty-notices/{fpnReferenceNumber}": {
			"get": {
				"operationId": "GetFPN",
				"produces": [
					"application/json"
				],
				"responses": {
					"200": {
						"description": "Ok",
						"schema": {
							"$ref": "#/definitions/FPNResponse"
						}
					}
				},
				"security": [
					{
						"token": [
							"Planner",
							"HighwayAuthority"
						]
					}
				],
				"parameters": [
					{
						"in": "path",
						"name": "workReferenceNumber",
						"required": true,
						"type": "string"
					},
					{
						"in": "path",
						"name": "fpnReferenceNumber",
						"required": true,
						"type": "string"
					}
				]
			}
		},
		"/works/{workReferenceNumber}/fixed-penalty-notices": {
			"post": {
				"operationId": "CreateFPN",
				"produces": [
					"application/json"
				],
				"responses": {
					"201": {
						"description": "Created",
						"schema": {
							"$ref": "#/definitions/FPNCreateResponse"
						}
					}
				},
				"security": [
					{
						"token": [
							"HighwayAuthority"
						]
					}
				],
				"parameters": [
					{
						"in": "path",
						"name": "workReferenceNumber",
						"required": true,
						"type": "string"
					},
					{
						"in": "body",
						"name": "body",
						"required": true,
						"schema": {
							"$ref": "#/definitions/FPNCreateRequest"
						}
					}
				]
			}
		},
		"/works/{workReferenceNumber}/fixed-penalty-notices/{fpnReferenceNumber}/status": {
			"put": {
				"operationId": "UpdateFPNStatus",
				"produces": [
					"application/json"
				],
				"responses": {
					"204": {
						"description": ""
					}
				},
				"security": [
					{
						"token": [
							"Planner",
							"HighwayAuthority"
						]
					}
				],
				"parameters": [
					{
						"in": "path",
						"name": "workReferenceNumber",
						"required": true,
						"type": "string"
					},
					{
						"in": "path",
						"name": "fpnReferenceNumber",
						"required": true,
						"type": "string"
					},
					{
						"in": "body",
						"name": "body",
						"required": true,
						"schema": {
							"$ref": "#/definitions/FPNStatusUpdateRequest"
						}
					}
				]
			}
		},
		"/works/{workReferenceNumber}/comments": {
			"post": {
				"operationId": "PostComment",
				"produces": [
					"application/json"
				],
				"responses": {
					"201": {
						"description": "Created",
						"schema": {
							"$ref": "#/definitions/CommentCreateResponse"
						}
					}
				},
				"security": [
					{
						"token": [
							"Planner",
							"HighwayAuthority"
						]
					}
				],
				"parameters": [
					{
						"in": "path",
						"name": "workReferenceNumber",
						"required": true,
						"type": "string"
					},
					{
						"in": "body",
						"name": "body",
						"required": true,
						"schema": {
							"$ref": "#/definitions/CommentCreateRequest"
						}
					}
				]
			}
		},
		"/duration": {
			"get": {
				"operationId": "CalculateDuration",
				"produces": [
					"application/json"
				],
				"responses": {
					"200": {
						"description": "Ok",
						"schema": {
							"$ref": "#/definitions/DurationCalculationResponse"
						}
					}
				},
				"security": [
					{
						"token": [
							"Planner",
							"HighwayAuthority"
						]
					}
				],
				"parameters": [
					{
						"in": "query",
						"name": "startDate",
						"required": false,
						"format": "date-time",
						"type": "string"
					},
					{
						"in": "query",
						"name": "endDate",
						"required": false,
						"format": "date-time",
						"type": "string"
					}
				]
			}
		},
		"/works/{workReferenceNumber}/permits/{permitReferenceNumber}/alterations": {
			"post": {
				"operationId": "CreatePermitAlteration",
				"produces": [
					"application/json"
				],
				"responses": {
					"201": {
						"description": "Created",
						"schema": {
							"$ref": "#/definitions/PermitAlterationCreateResponse"
						}
					},
					"409": {
						"description": "Conflict"
					}
				},
				"security": [
					{
						"token": [
							"Planner"
						]
					}
				],
				"parameters": [
					{
						"in": "body",
						"name": "body",
						"required": true,
						"schema": {
							"$ref": "#/definitions/PermitAlterationCreateRequest"
						}
					},
					{
						"in": "path",
						"name": "workReferenceNumber",
						"required": true,
						"type": "string"
					},
					{
						"in": "path",
						"name": "permitReferenceNumber",
						"required": true,
						"type": "string"
					}
				]
			}
		},
		"/works/{workReferenceNumber}/permits/{permitReferenceNumber}/alterations/{permitAlterationReferenceNumber}/status": {
			"put": {
				"operationId": "UpdatePermitAlterationStatus",
				"produces": [
					"application/json"
				],
				"responses": {
					"204": {
						"description": "No Content"
					},
					"404": {
						"description": "Not Found"
					}
				},
				"security": [
					{
						"token": [
							"HighwayAuthority"
						]
					}
				],
				"parameters": [
					{
						"in": "path",
						"name": "workReferenceNumber",
						"required": true,
						"type": "string"
					},
					{
						"in": "path",
						"name": "permitReferenceNumber",
						"required": true,
						"type": "string"
					},
					{
						"in": "path",
						"name": "permitAlterationReferenceNumber",
						"required": true,
						"type": "string"
					},
					{
						"in": "body",
						"name": "body",
						"required": true,
						"schema": {
							"$ref": "#/definitions/PermitAlterationStatusUpdateRequest"
						}
					}
				]
			}
		},
		"/works/{workReferenceNumber}/permits/{permitReferenceNumber}/alterations/{permitAlterationReferenceNumber}": {
			"get": {
				"operationId": "GetPermitAlteration",
				"produces": [
					"application/json"
				],
				"responses": {
					"200": {
						"description": "Ok",
						"schema": {
							"$ref": "#/definitions/PermitAlterationResponse"
						}
					}
				},
				"security": [
					{
						"token": [
							"Planner",
							"HighwayAuthority"
						]
					}
				],
				"parameters": [
					{
						"in": "path",
						"name": "workReferenceNumber",
						"required": true,
						"type": "string"
					},
					{
						"in": "path",
						"name": "permitReferenceNumber",
						"required": true,
						"type": "string"
					},
					{
						"in": "path",
						"name": "permitAlterationReferenceNumber",
						"required": true,
						"type": "string"
					}
				]
			}
		}
	},
	"produces": [
		"application/json"
	],
	"swagger": "2.0",
	"securityDefinitions": {
		"token": {
			"type": "apiKey",
			"name": "token",
			"in": "header",
			"scopes": {
				"Planner": "Planner",
				"HighwayAuthority": "HighwayAuthority"
			}
		}
	},
	"schemes": [
		"https",
		"http"
	]
}