{
	"basePath": "/",
	"consumes": [
		"application/json"
	],
	"definitions": {
		"ReinstatementStatus": {
			"enum": [
				"interim",
				"permanent"
			],
			"type": "string"
		},
		"SiteSummaryResponse": {
			"properties": {
				"site_id": {
					"type": "number",
					"format": "double"
				},
				"work_reference_number": {
					"type": "string"
				},
				"swa_organisation_name": {
					"type": "string"
				},
				"location_description": {
					"type": "string"
				},
				"street_name": {
					"type": "string"
				},
				"area_name": {
					"type": "string"
				},
				"end_date": {
					"type": "string",
					"format": "date-time"
				},
				"reinstatement_status": {
					"$ref": "#/definitions/ReinstatementStatus"
				}
			},
			"required": [
				"site_id",
				"work_reference_number",
				"swa_organisation_name",
				"location_description",
				"street_name",
				"area_name",
				"end_date",
				"reinstatement_status"
			],
			"type": "object"
		},
		"PermitStatus": {
			"enum": [
				"submitted",
				"granted_proposed",
				"granted_with_changes",
				"refused",
				"granted_in_progress",
				"closed",
				"cancelled",
				"revoked_proposed",
				"revoked_in_progress",
				"deemed_proposed",
				"deemed_in_progress"
			],
			"type": "string"
		},
		"PermitSummaryResponse": {
			"properties": {
				"cursor": {
					"type": "string"
				},
				"work_reference_number": {
					"type": "string"
				},
				"location_description": {
					"type": "string"
				},
				"street": {
					"type": "string"
				},
				"area": {
					"type": "string"
				},
				"proposed_start_date": {
					"type": "string",
					"format": "date-time"
				},
				"proposed_end_date": {
					"type": "string",
					"format": "date-time"
				},
				"actual_start_date": {
					"type": "string",
					"format": "date-time",
					"x-nullable": true
				},
				"actual_end_date": {
					"type": "string",
					"format": "date-time",
					"x-nullable": true
				},
				"status": {
					"$ref": "#/definitions/PermitStatus"
				},
				"deadline_date": {
					"type": "string",
					"format": "date-time"
				}
			},
			"required": [
				"cursor",
				"work_reference_number",
				"location_description",
				"street",
				"area",
				"proposed_start_date",
				"proposed_end_date",
				"status",
				"deadline_date"
			],
			"type": "object"
		},
		"PaginationResponse": {
			"properties": {
				"page_start": {
					"type": "number",
					"format": "double"
				},
				"total_rows": {
					"type": "number",
					"format": "double"
				}
			},
			"required": [
				"page_start",
				"total_rows"
			],
			"type": "object"
		},
		"PermitReportingResponse": {
			"properties": {
				"pagination": {
					"$ref": "#/definitions/PaginationResponse"
				},
				"rows": {
					"type": "array",
					"items": {
						"$ref": "#/definitions/PermitSummaryResponse"
					}
				}
			},
			"required": [
				"pagination",
				"rows"
			],
			"type": "object"
		},
		"ApplicationCountsEntry": {
			"properties": {
				"refused": {
					"type": "number",
					"format": "double"
				},
				"awaiting_assessment": {
					"type": "number",
					"format": "double"
				}
			},
			"required": [
				"refused",
				"awaiting_assessment"
			],
			"type": "object"
		},
		"ApplicationCounts": {
			"properties": {
				"total": {
					"$ref": "#/definitions/ApplicationCountsEntry"
				}
			},
			"required": [
				"total"
			],
			"type": "object"
		},
		"PermitCountsEntry": {
			"properties": {
				"granted_not_started": {
					"type": "number",
					"format": "double"
				},
				"in_progress": {
					"type": "number",
					"format": "double"
				},
				"closed": {
					"type": "number",
					"format": "double"
				}
			},
			"required": [
				"granted_not_started",
				"in_progress",
				"closed"
			],
			"type": "object"
		},
		"PermitCounts": {
			"properties": {
				"total": {
					"$ref": "#/definitions/PermitCountsEntry"
				}
			},
			"required": [
				"total"
			],
			"type": "object"
		},
		"PermitCountsResponse": {
			"properties": {
				"applications": {
					"$ref": "#/definitions/ApplicationCounts"
				},
				"permits": {
					"$ref": "#/definitions/PermitCounts"
				}
			},
			"required": [
				"applications",
				"permits"
			],
			"type": "object"
		},
		"CommentTopic": {
			"enum": [
				"GENERAL",
				"SECTION_74",
				"INSPECTION",
				"FPN",
				"OVERRUN"
			],
			"type": "string"
		},
		"CommentSummaryResponse": {
			"properties": {
				"cursor": {
					"type": "string"
				},
				"work_reference_number": {
					"type": "string"
				},
				"topic": {
					"$ref": "#/definitions/CommentTopic"
				},
				"author_email_address": {
					"type": "string"
				},
				"detail": {
					"type": "string"
				},
				"date_created": {
					"type": "string",
					"format": "date-time"
				}
			},
			"required": [
				"cursor",
				"work_reference_number",
				"topic",
				"author_email_address",
				"detail",
				"date_created"
			],
			"type": "object"
		},
		"CommentReportingResponse": {
			"properties": {
				"pagination": {
					"$ref": "#/definitions/PaginationResponse"
				},
				"rows": {
					"type": "array",
					"items": {
						"$ref": "#/definitions/CommentSummaryResponse"
					}
				}
			},
			"required": [
				"pagination",
				"rows"
			],
			"type": "object"
		},
		"OffenceCode": {
			"enum": [
				"offence_code_05",
				"offence_code_06",
				"offence_code_08",
				"offence_code_09"
			],
			"type": "string"
		},
		"FPNStatus": {
			"enum": [
				"issued",
				"accepted",
				"paid",
				"paid_discounted",
				"disputed",
				"withdrawn"
			],
			"type": "string"
		},
		"FPNSummaryResponse": {
			"properties": {
				"cursor": {
					"type": "string"
				},
				"fpn_reference_number": {
					"type": "string"
				},
				"work_reference_number": {
					"type": "string"
				},
				"promoter": {
					"type": "string"
				},
				"highway_authority": {
					"type": "string"
				},
				"offence_code": {
					"$ref": "#/definitions/OffenceCode"
				},
				"street_name": {
					"type": "string"
				},
				"issue_date": {
					"type": "string",
					"format": "date-time"
				},
				"status": {
					"$ref": "#/definitions/FPNStatus"
				}
			},
			"required": [
				"cursor",
				"fpn_reference_number",
				"work_reference_number",
				"promoter",
				"highway_authority",
				"offence_code",
				"street_name",
				"issue_date",
				"status"
			],
			"type": "object"
		},
		"FPNReportingResponse": {
			"properties": {
				"pagination": {
					"$ref": "#/definitions/PaginationResponse"
				},
				"rows": {
					"type": "array",
					"items": {
						"$ref": "#/definitions/FPNSummaryResponse"
					}
				}
			},
			"required": [
				"pagination",
				"rows"
			],
			"type": "object"
		},
		"InspectionResponseType": {
			"enum": [
				"inspection",
				"reinspection"
			],
			"type": "string"
		},
		"InspectionType": {
			"enum": [
				"slg",
				"reinstatement"
			],
			"type": "string"
		},
		"InspectionCategory": {
			"enum": [
				"a",
				"b",
				"c",
				"third_party",
				"routine"
			],
			"type": "string"
		},
		"InspectionOutcome": {
			"enum": [
				"passed",
				"unable_to_complete",
				"failed_standard",
				"failed_2_hour",
				"failed_4_hour"
			],
			"type": "string"
		},
		"InspectionSummaryResponse": {
			"properties": {
				"cursor": {
					"type": "string"
				},
				"inspection_date": {
					"type": "string",
					"format": "date-time"
				},
				"inspection_response_type": {
					"$ref": "#/definitions/InspectionResponseType"
				},
				"work_reference_number": {
					"type": "string"
				},
				"location_description": {
					"type": "string"
				},
				"street": {
					"type": "string"
				},
				"area": {
					"type": "string"
				},
				"inspection_reference_number": {
					"type": "string",
					"x-nullable": true
				},
				"inspection_type": {
					"$ref": "#/definitions/InspectionType",
					"x-nullable": true
				},
				"inspection_category": {
					"$ref": "#/definitions/InspectionCategory",
					"x-nullable": true
				},
				"inspection_outcome": {
					"$ref": "#/definitions/InspectionOutcome",
					"x-nullable": true
				},
				"reinspection_date_time": {
					"type": "string",
					"format": "date-time",
					"x-nullable": true
				}
			},
			"required": [
				"cursor",
				"inspection_date",
				"inspection_response_type",
				"work_reference_number",
				"location_description",
				"street",
				"area"
			],
			"type": "object"
		},
		"InspectionReportingResponse": {
			"properties": {
				"pagination": {
					"$ref": "#/definitions/PaginationResponse"
				},
				"rows": {
					"type": "array",
					"items": {
						"$ref": "#/definitions/InspectionSummaryResponse"
					}
				}
			},
			"required": [
				"pagination",
				"rows"
			],
			"type": "object"
		},
		"WorkUpdateResponse": {
			"properties": {
				"work_reference_number": {
					"type": "string"
				},
				"update_date_time": {
					"type": "string",
					"format": "date-time"
				}
			},
			"required": [
				"work_reference_number",
				"update_date_time"
			],
			"type": "object"
		}
	},
	"info": {
		"title": "street-manager-reporting-api",
		"version": "1.0.0",
		"description": "The verbose description of the Street Manager Reporting API",
		"license": {
			"name": "MIT"
		}
	},
	"paths": {
		"/healthcheck": {
			"get": {
				"operationId": "Healthcheck",
				"produces": [
					"application/json"
				],
				"responses": {
					"200": {
						"description": "Healthy"
					},
					"500": {
						"description": "Unhealthy"
					}
				},
				"security": [],
				"parameters": []
			}
		},
		"/status": {
			"get": {
				"operationId": "Status",
				"produces": [
					"application/json"
				],
				"responses": {
					"200": {
						"description": "Available"
					}
				},
				"security": [],
				"parameters": []
			}
		},
		"/sites": {
			"get": {
				"operationId": "GetSites",
				"produces": [
					"application/json"
				],
				"responses": {
					"200": {
						"description": "Ok",
						"schema": {
							"type": "array",
							"items": {
								"$ref": "#/definitions/SiteSummaryResponse"
							}
						}
					}
				},
				"security": [
					{
						"token": [
							"Planner",
							"HighwayAuthority"
						]
					}
				],
				"parameters": [
					{
						"in": "query",
						"name": "status",
						"required": false,
						"type": "array",
						"collectionFormat": "multi",
						"items": {
							"$ref": "#/definitions/ReinstatementStatus"
						}
					}
				]
			}
		},
		"/permits": {
			"get": {
				"operationId": "GetPermits",
				"produces": [
					"application/json"
				],
				"responses": {
					"200": {
						"description": "Ok",
						"schema": {
							"$ref": "#/definitions/PermitReportingResponse",
							"type": "array",
							"items": {
								"$ref": "#/definitions/PermitSummaryResponse"
							}
						}
					}
				},
				"security": [
					{
						"token": [
							"Planner",
							"HighwayAuthority"
						]
					}
				],
				"parameters": [
					{
						"in": "query",
						"name": "status",
						"required": false,
						"type": "array",
						"collectionFormat": "multi",
						"items": {
							"$ref": "#/definitions/PermitStatus"
						}
					},
					{
						"in": "query",
						"name": "before",
						"required": false,
						"type": "integer"
					},
					{
						"in": "query",
						"name": "after",
						"required": false,
						"type": "integer"
					},
					{
						"in": "query",
						"name": "query",
						"required": false,
						"type": "string"
					},
					{
						"in": "query",
						"name": "sort_column",
						"required": false,
						"type": "string"
					},
					{
						"in": "query",
						"name": "sort_direction",
						"required": false,
						"enum": [
							"asc",
							"desc"
						],
						"type": "string"
					}
				]
			}
		},
		"/permits/counts": {
			"get": {
				"operationId": "GetPermitCounts",
				"produces": [
					"application/json"
				],
				"responses": {
					"200": {
						"description": "Ok",
						"schema": {
							"$ref": "#/definitions/PermitCountsResponse"
						}
					}
				},
				"security": [
					{
						"token": [
							"Planner",
							"HighwayAuthority"
						]
					}
				],
				"parameters": []
			}
		},
		"/permits/csv": {
			"get": {
				"operationId": "GetPermitsAsCSV",
				"produces": [
					"application/json"
				],
				"responses": {
					"200": {
						"content": {
							"text/csv": {
								"schema": {
									"type": "string"
								}
							}
						}
					},
					"204": {
						"description": "No content"
					}
				},
				"security": [
					{
						"token": [
							"Planner",
							"HighwayAuthority"
						]
					}
				],
				"parameters": [
					{
						"in": "query",
						"name": "status",
						"required": false,
						"type": "array",
						"collectionFormat": "multi",
						"items": {
							"$ref": "#/definitions/PermitStatus"
						}
					}
				]
			}
		},
		"/comments": {
			"get": {
				"operationId": "GetComments",
				"produces": [
					"application/json"
				],
				"responses": {
					"200": {
						"description": "Ok",
						"schema": {
							"$ref": "#/definitions/CommentReportingResponse"
						}
					}
				},
				"security": [
					{
						"token": [
							"Planner",
							"HighwayAuthority"
						]
					}
				],
				"parameters": [
					{
						"in": "query",
						"name": "before",
						"required": false,
						"type": "string"
					},
					{
						"in": "query",
						"name": "after",
						"required": false,
						"type": "string"
					}
				]
			}
		},
		"/fixed-penalty-notices": {
			"get": {
				"operationId": "GetFPNs",
				"produces": [
					"application/json"
				],
				"responses": {
					"200": {
						"description": "Ok",
						"schema": {
							"$ref": "#/definitions/FPNReportingResponse",
							"type": "array",
							"items": {
								"$ref": "#/definitions/FPNSummaryResponse"
							}
						}
					}
				},
				"security": [
					{
						"token": [
							"Planner",
							"HighwayAuthority"
						]
					}
				],
				"parameters": [
					{
						"in": "query",
						"name": "status",
						"required": false,
						"type": "array",
						"collectionFormat": "multi",
						"items": {
							"$ref": "#/definitions/FPNStatus"
						}
					},
					{
						"in": "query",
						"name": "before",
						"required": false,
						"type": "integer"
					},
					{
						"in": "query",
						"name": "after",
						"required": false,
						"type": "integer"
					}
				]
			}
		},
		"/fixed-penalty-notices/csv": {
			"get": {
				"operationId": "GetFPNsAsCSV",
				"produces": [
					"application/json"
				],
				"responses": {
					"204": {
						"description": "No content"
					}
				},
				"security": [
					{
						"token": [
							"Planner",
							"HighwayAuthority"
						]
					}
				],
				"parameters": [
					{
						"in": "query",
						"name": "status",
						"required": false,
						"collectionFormat": "multi",
						"type": "array",
						"items": {
							"type": "string"
						}
					}
				]
			}
		},
		"/inspections": {
			"get": {
				"operationId": "GetInspections",
				"produces": [
					"application/json"
				],
				"responses": {
					"200": {
						"description": "Ok",
						"schema": {
							"$ref": "#/definitions/InspectionReportingResponse"
						}
					}
				},
				"security": [
					{
						"token": [
							"Planner",
							"HighwayAuthority"
						]
					}
				],
				"parameters": [
					{
						"in": "query",
						"name": "inspection_response_type",
						"required": false,
						"collectionFormat": "multi",
						"type": "array",
						"items": {
							"type": "string"
						}
					},
					{
						"in": "query",
						"name": "before",
						"required": false,
						"type": "string"
					},
					{
						"in": "query",
						"name": "after",
						"required": false,
						"type": "string"
					},
					{
						"in": "query",
						"name": "query",
						"required": false,
						"type": "string"
					},
					{
						"in": "query",
						"name": "sort_column",
						"required": false,
						"type": "string",
						"enum": [
							"inspection_date"
						]
					},
					{
						"in": "query",
						"name": "sort_direction",
						"required": false,
						"type": "string",
						"enum": [
							"asc",
							"desc"
						]
					}
				]
			}
		},
		"/inspections/csv": {
			"get": {
				"operationId": "GetInspectionsAsCSV",
				"produces": [
					"application/json"
				],
				"responses": {
					"200": {
						"content": {
							"text/csv": {
								"schema": {
									"type": "string"
								}
							}
						}
					},
					"204": {
						"description": "No content"
					}
				},
				"security": [
					{
						"token": [
							"Planner",
							"HighwayAuthority"
						]
					}
				],
				"parameters": [
					{
						"in": "query",
						"name": "inspection_response_type",
						"required": false,
						"type": "array",
						"collectionFormat": "multi",
						"items": {
							"$ref": "#/definitions/InspectionResponseType"
						}
					}
				]
			}
		},
		"/works/updates": {
			"get": {
				"operationId": "GetUpdates",
				"produces": [
					"application/json"
				],
				"responses": {
					"200": {
						"description": "Ok",
						"schema": {
							"type": "array",
							"items": {
								"$ref": "#/definitions/WorkUpdateResponse"
							}
						}
					}
				},
				"security": [
					{
						"token": [
							"Planner",
							"HighwayAuthority"
						]
					}
				],
				"parameters": [
					{
						"in": "query",
						"name": "start_date",
						"required": false,
						"format": "date-time",
						"type": "string"
					},
					{
						"in": "query",
						"name": "end_date",
						"required": false,
						"format": "date-time",
						"type": "string"
					},
					{
						"in": "query",
						"name": "previous_minutes",
						"required": false,
						"format": "double",
						"type": "number"
					}
				]
			}
		}
	},
	"produces": [
		"application/json"
	],
	"swagger": "2.0",
	"securityDefinitions": {
		"token": {
			"type": "apiKey",
			"name": "token",
			"in": "header",
			"scopes": {
				"Planner": "Planner",
				"HighwayAuthority": "HighwayAuthority"
			}
		}
	},
	"schemes": [
		"https",
		"http"
	]
}