{
	"basePath": "/",
	"consumes": [
		"application/json"
	],
	"definitions": {
		"AdditionalSpecialDesignationsResponse": {
			"properties": {
				"street_special_desig_code": {
					"type": "string"
				},
				"special_desig_location_text": {
					"type": "string"
				},
				"special_desig_description": {
					"type": "string"
				}
			},
			"required": [
				"street_special_desig_code",
				"special_desig_location_text",
				"special_desig_description"
			],
			"type": "object"
		},
		"StreetResponse": {
			"properties": {
				"usrn": {
					"type": "number",
					"format": "double"
				},
				"street_descriptor": {
					"type": "string"
				},
				"area": {
					"type": "string"
				},
				"town": {
					"type": "string"
				},
				"authority": {
					"type": "string"
				},
				"authority_swa_code": {
					"type": "string"
				},
				"road_category": {
					"type": "number",
					"format": "double"
				},
				"traffic_sensitive": {
					"type": "boolean"
				},
				"additional_special_designations_response": {
					"type": "array",
					"items": {
						"$ref": "#/definitions/AdditionalSpecialDesignationsResponse"
					}
				}
			},
			"required": [
				"usrn",
				"street_descriptor",
				"area",
				"town",
				"authority",
				"authority_swa_code",
				"road_category",
				"traffic_sensitive",
				"additional_special_designations_response"
			],
			"type": "object"
		}
	},
	"info": {
		"title": "street-manager-street-lookup-api",
		"version": "1.0.0",
		"description": "The verbose description of the Street Manager Street Lookup API",
		"license": {
			"name": "MIT"
		}
	},
	"paths": {
		"/healthcheck": {
			"get": {
				"operationId": "Healthcheck",
				"produces": [
					"application/json"
				],
				"responses": {
					"200": {
						"description": "Healthy"
					},
					"500": {
						"description": "Unhealthy"
					}
				},
				"security": [],
				"parameters": []
			}
		},
		"/status": {
			"get": {
				"operationId": "Status",
				"produces": [
					"application/json"
				],
				"responses": {
					"200": {
						"description": "Available"
					}
				},
				"security": [],
				"parameters": []
			}
		},
		"/nsg/streets": {
			"get": {
				"operationId": "GetStreets",
				"produces": [
					"application/json"
				],
				"responses": {
					"200": {
						"description": "NSG Street data",
						"schema": {
							"type": "array",
							"items": {
								"$ref": "#/definitions/StreetResponse"
							}
						}
					},
					"404": {
						"description": "Not Found"
					}
				},
				"security": [
					{
						"token": [
							"Planner",
							"HighwayAuthority"
						]
					}
				],
				"parameters": [
					{
						"in": "query",
						"name": "easting",
						"required": true,
						"format": "double",
						"type": "number"
					},
					{
						"in": "query",
						"name": "northing",
						"required": true,
						"format": "double",
						"type": "number"
					}
				]
			}
		}
	},
	"produces": [
		"application/json"
	],
	"swagger": "2.0",
	"securityDefinitions": {
		"token": {
			"type": "apiKey",
			"name": "token",
			"in": "header",
			"scopes": {
				"Planner": "Planner",
				"HighwayAuthority": "HighwayAuthority"
			}
		}
	},
	"schemes": [
		"https"
	]
}
