{
	"basePath": "/",
	"consumes": [
		"application/json"
	],
	"definitions": {
		"WorkCategory": {
			"enum": [
				"minor",
				"standard",
				"major",
				"immediate_urgent",
				"immediate_emergency",
				"paa"
			],
			"type": "string"
		},
		"TrafficManagementType": {
			"enum": [
				"road_closure",
				"contra_flow",
				"lane_closure",
				"multi_way_signals",
				"two_way_signals",
				"convoy_workings",
				"stop_go_boards",
				"priority_working",
				"give_and_take",
				"some_carriageway_incursion",
				"no_carriageway_incursion"
			],
			"type": "string"
		},
		"PermitStatus": {
			"enum": [
				"submitted",
				"granted_proposed",
				"granted_with_changes",
				"refused",
				"granted_in_progress",
				"closed",
				"cancelled",
				"revoked_proposed",
				"revoked_in_progress",
				"deemed_proposed",
				"deemed_in_progress"
			],
			"type": "string"
		},
		"WorkResponse": {
			"properties": {
				"work_reference_number": {
					"type": "string"
				},
				"permit_reference_number": {
					"type": "string"
				},
				"promoter_organisation": {
					"type": "string"
				},
				"promoter_swa_code": {
					"type": "string"
				},
				"work_category": {
					"$ref": "#/definitions/WorkCategory"
				},
				"start_date": {
					"type": "string",
					"format": "date-time"
				},
				"end_date": {
					"type": "string",
					"format": "date-time"
				},
				"traffic_management_type": {
					"$ref": "#/definitions/TrafficManagementType"
				},
				"work_centre_point": {
					"type": "string"
				},
				"work_coordinates": {
					"type": "string"
				},
				"permit_status": {
					"$ref": "#/definitions/PermitStatus"
				}
			},
			"required": [
				"work_reference_number",
				"permit_reference_number",
				"promoter_organisation",
				"promoter_swa_code",
				"work_category",
				"start_date",
				"end_date",
				"traffic_management_type",
				"work_centre_point",
				"work_coordinates",
				"permit_status"
			],
			"type": "object"
		}
	},
	"info": {
		"title": "street-manager-geojson-api",
		"version": "1.0.0",
		"description": "The verbose description of the Street Manager GeoJSON API",
		"license": {
			"name": "MIT"
		}
	},
	"paths": {
		"/healthcheck": {
			"get": {
				"operationId": "Healthcheck",
				"produces": [
					"application/json"
				],
				"responses": {
					"200": {
						"description": "Healthy"
					},
					"500": {
						"description": "Unhealthy"
					}
				},
				"security": [],
				"parameters": []
			}
		},
		"/status": {
			"get": {
				"operationId": "Status",
				"produces": [
					"application/json"
				],
				"responses": {
					"200": {
						"description": "Available"
					}
				},
				"security": [],
				"parameters": []
			}
		},
		"/works": {
			"get": {
				"operationId": "GetWorksIntersectBoundingBox",
				"produces": [
					"application/json"
				],
				"responses": {
					"200": {
						"description": "Ok",
						"schema": {
							"type": "array",
							"items": {
								"$ref": "#/definitions/WorkResponse"
							}
						}
					}
				},
				"security": [
					{
						"token": [
							"Planner",
							"HighwayAuthority"
						]
					}
				],
				"parameters": [
					{
						"in": "query",
						"name": "minEasting",
						"required": true,
						"format": "double",
						"type": "number"
					},
					{
						"in": "query",
						"name": "minNorthing",
						"required": true,
						"format": "double",
						"type": "number"
					},
					{
						"in": "query",
						"name": "maxEasting",
						"required": true,
						"format": "double",
						"type": "number"
					},
					{
						"in": "query",
						"name": "maxNorthing",
						"required": true,
						"format": "double",
						"type": "number"
					},
					{
						"in": "query",
						"name": "start_date",
						"required": false,
						"format": "date-time",
						"type": "string"
					},
					{
						"in": "query",
						"name": "end_date",
						"required": false,
						"format": "date-time",
						"type": "string"
					}
				]
			}
		}
	},
	"produces": [
		"application/json"
	],
	"swagger": "2.0",
	"securityDefinitions": {
		"token": {
			"type": "apiKey",
			"name": "token",
			"in": "header",
			"scopes": {
				"Planner": "Planner",
				"HighwayAuthority": "HighwayAuthority"
			}
		}
	},
	"schemes": [
		"https"
	]
}
